<?xml version="1.0" encoding="UTF-8"?>
<!DOCTYPE suite SYSTEM "http://testng.org/testng-1.0.dtd">

<suite name="Test Parameters">

	<test thread-count="1" name="Test Parameter via XML file">
	
	<parameter name="browser" value="Mozilla"></parameter>
	<parameter name="userName" value="anshulc55@gmail.com"></parameter>
	<parameter name="password" value="Test@12345"></parameter>
	
		
		<classes>
			<class name="com.testng.training.TestParameters"></class>
			
		</classes>
	
	</test> <!-- Test -->

</suite> <!-- Suite -->
