<?xml version="1.0" encoding="UTF-8"?>
<extentreports>
  <configuration>

    <!-- report theme -->
    <!-- STANDARD, DARK -->
    <theme>DARK</theme>

    <!-- document encoding -->
    <!-- defaults to UTF-8 -->
    <encoding>UTF-8</encoding>

    <!-- protocol for script and stylesheets -->
    <!-- defaults to https -->
    <!-- HTTP, HTTPS -->
    <protocol>HTTPS</protocol>

    <!-- offline report -->
    <timelineEnabled>true</timelineEnabled>
    
    <!-- offline report -->
    <enableOfflineMode>false</enableOfflineMode>
    
    <!-- use thumbnails for base64 images -->
    <!-- this may slowdown viewing tests -->
    <thumbnailForBase64>false</thumbnailForBase64>

    <!-- title of the document -->
    <documentTitle>Extent Report Via XML Config</documentTitle>

    <!-- report name - displayed at top-nav -->
    <reportName>XML Confif Report</reportName>

    <!-- timestamp format -->
    <timeStampFormat>MMM dd, yyyy HH:mm:ss</timeStampFormat>

    <!-- custom javascript -->
    <scripts>
      <![CDATA[
        $(document).ready(function() {
            
        });
      ]]>
    </scripts>

    <!-- custom styles -->
    <styles>
      <![CDATA[
      
      ]]>
    </styles>

  </configuration>
</extentreports>